path_id,context,step_index,state,state_label,node_id,final_energy_eV,relative_to_start_eV,delta_from_previous_step_eV,max_force_eVA
path_1,direct_co_o_bridge,0,O2,OO*,direct_co_o_bridge__O2__O2_side_on_tilt30_az90,-539.221497,0.000000,0.000000,0.009823
path_1,direct_co_o_bridge,1,O,O*,direct_co_o_bridge__O__O_atom_tilt0_az0,-535.068542,4.152954,4.152954,0.009665
path_1,direct_co_o_bridge,2,OH,OH*,direct_co_o_bridge__OH__OH_co_bound_tilt30_az30,-539.280762,-0.059265,-4.212219,0.005222
path_1,direct_co_o_bridge,3,OOH,OOH*,direct_co_o_bridge__OOH__OOH_default_tilt30_az300,-544.304932,-5.083435,-5.024170,0.009520
path_1,direct_co_o_bridge,4,H2O2,H2O2*,direct_co_o_bridge__H2O2__H2O2_default_tilt30_az150,-548.659058,-9.437561,-4.354126,0.009591
path_1,direct_co_o_bridge,5,H2O,H2O*,direct_co_o_bridge__H2O__H2O_bridge_h2p10_co_bound_tilt30_az210,-544.847534,-5.626038,3.811523,0.008765
path_2,direct_co_o_bridge,0,O2,OO*,direct_co_o_bridge__O2__O2_side_on_tilt30_az90,-539.221497,0.000000,0.000000,0.009823
path_2,direct_co_o_bridge,1,O,O*,direct_co_o_bridge__O__O_atom_tilt0_az0,-535.068542,4.152954,4.152954,0.009665
path_2,direct_co_o_bridge,2,OH,OH*,direct_co_o_bridge__OH__OH_co_bound_tilt30_az30,-539.280762,-0.059265,-4.212219,0.005222
path_2,direct_co_o_bridge,3,OOH,OOH*,direct_co_o_bridge__OOH__OOH_default_tilt30_az300,-544.304932,-5.083435,-5.024170,0.009520
path_2,direct_co_o_bridge,4,H2O2,H2O2*,direct_co_o_bridge__H2O2__H2O2_default_tilt30_az150,-548.659058,-9.437561,-4.354126,0.009591
path_2,direct_co_o_bridge,5,H2O,H2O*,direct_co_o_bridge__H2O__H2O_bridge_h2p10_co_bound_tilt30_az330,-544.847473,-5.625977,3.811584,0.008781
path_3,direct_co_o_bridge,0,O2,OO*,direct_co_o_bridge__O2__O2_side_on_tilt30_az90,-539.221497,0.000000,0.000000,0.009823
path_3,direct_co_o_bridge,1,OOH,OOH*,direct_co_o_bridge__OOH__OOH_default_tilt30_az300,-544.304932,-5.083435,-5.083435,0.009520
path_3,direct_co_o_bridge,2,OH,OH*,direct_co_o_bridge__OH__OH_co_bound_tilt30_az30,-539.280762,-0.059265,5.024170,0.005222
path_3,direct_co_o_bridge,3,O,O*,direct_co_o_bridge__O__O_atom_tilt0_az0,-535.068542,4.152954,4.212219,0.009665
path_4,direct_co_o_bridge,0,O2,OO*,direct_co_o_bridge__O2__O2_side_on_tilt30_az90,-539.221497,0.000000,0.000000,0.009823
path_4,direct_co_o_bridge,1,OOH,OOH*,direct_co_o_bridge__OOH__OOH_default_tilt30_az300,-544.304932,-5.083435,-5.083435,0.009520
path_4,direct_co_o_bridge,2,OH,OH*,direct_co_o_bridge__OH__OH_co_bound_tilt30_az30,-539.280762,-0.059265,5.024170,0.005222
path_4,direct_co_o_bridge,3,H2O,H2O*,direct_co_o_bridge__H2O__H2O_bridge_h2p10_co_bound_tilt30_az210,-544.847534,-5.626038,-5.566772,0.008765
path_4,direct_co_o_bridge,4,H2O2,H2O2*,direct_co_o_bridge__H2O2__H2O2_default_tilt30_az150,-548.659058,-9.437561,-3.811523,0.009591
path_5,direct_co_o_bridge,0,O2,OO*,direct_co_o_bridge__O2__O2_side_on_tilt30_az90,-539.221497,0.000000,0.000000,0.009823
path_5,direct_co_o_bridge,1,OOH,OOH*,direct_co_o_bridge__OOH__OOH_default_tilt30_az300,-544.304932,-5.083435,-5.083435,0.009520
path_5,direct_co_o_bridge,2,OH,OH*,direct_co_o_bridge__OH__OH_co_bound_tilt30_az30,-539.280762,-0.059265,5.024170,0.005222
path_5,direct_co_o_bridge,3,H2O,H2O*,direct_co_o_bridge__H2O__H2O_bridge_h2p10_co_bound_tilt30_az330,-544.847473,-5.625977,-5.566711,0.008781
path_5,direct_co_o_bridge,4,H2O2,H2O2*,direct_co_o_bridge__H2O2__H2O2_default_tilt30_az150,-548.659058,-9.437561,-3.811584,0.009591
path_6,direct_co_o_bridge,0,O2,OO*,direct_co_o_bridge__O2__O2_side_on_tilt30_az90,-539.221497,0.000000,0.000000,0.009823
path_6,direct_co_o_bridge,1,O,O*,direct_co_o_bridge__O__O_atom_tilt0_az0,-535.068542,4.152954,4.152954,0.009665
path_6,direct_co_o_bridge,2,OH,OH*,direct_co_o_bridge__OH__OH_co_bound_tilt30_az30,-539.280762,-0.059265,-4.212219,0.005222
path_6,direct_co_o_bridge,3,H2O,H2O*,direct_co_o_bridge__H2O__H2O_bridge_h2p10_co_bound_tilt30_az210,-544.847534,-5.626038,-5.566772,0.008765
path_6,direct_co_o_bridge,4,H2O2,H2O2*,direct_co_o_bridge__H2O2__H2O2_default_tilt30_az150,-548.659058,-9.437561,-3.811523,0.009591
path_6,direct_co_o_bridge,5,OOH,OOH*,direct_co_o_bridge__OOH__OOH_default_tilt30_az300,-544.304932,-5.083435,4.354126,0.009520
path_7,direct_co_o_bridge,0,O2,OO*,direct_co_o_bridge__O2__O2_side_on_tilt30_az90,-539.221497,0.000000,0.000000,0.009823
path_7,direct_co_o_bridge,1,O,O*,direct_co_o_bridge__O__O_atom_tilt0_az0,-535.068542,4.152954,4.152954,0.009665
path_7,direct_co_o_bridge,2,OH,OH*,direct_co_o_bridge__OH__OH_co_bound_tilt30_az30,-539.280762,-0.059265,-4.212219,0.005222
path_7,direct_co_o_bridge,3,H2O,H2O*,direct_co_o_bridge__H2O__H2O_bridge_h2p10_co_bound_tilt30_az330,-544.847473,-5.625977,-5.566711,0.008781
path_7,direct_co_o_bridge,4,H2O2,H2O2*,direct_co_o_bridge__H2O2__H2O2_default_tilt30_az150,-548.659058,-9.437561,-3.811584,0.009591
path_7,direct_co_o_bridge,5,OOH,OOH*,direct_co_o_bridge__OOH__OOH_default_tilt30_az300,-544.304932,-5.083435,4.354126,0.009520
path_8,direct_co_o_bridge,0,O2,OO*,direct_co_o_bridge__O2__O2_side_on_tilt30_az90,-539.221497,0.000000,0.000000,0.009823
path_8,direct_co_o_bridge,1,OOH,OOH*,direct_co_o_bridge__OOH__OOH_default_tilt30_az300,-544.304932,-5.083435,-5.083435,0.009520
path_8,direct_co_o_bridge,2,H2O2,H2O2*,direct_co_o_bridge__H2O2__H2O2_default_tilt30_az150,-548.659058,-9.437561,-4.354126,0.009591
path_8,direct_co_o_bridge,3,H2O,H2O*,direct_co_o_bridge__H2O__H2O_bridge_h2p10_co_bound_tilt30_az210,-544.847534,-5.626038,3.811523,0.008765
path_8,direct_co_o_bridge,4,OH,OH*,direct_co_o_bridge__OH__OH_co_bound_tilt30_az30,-539.280762,-0.059265,5.566772,0.005222
path_8,direct_co_o_bridge,5,O,O*,direct_co_o_bridge__O__O_atom_tilt0_az0,-535.068542,4.152954,4.212219,0.009665
path_9,direct_co_o_bridge,0,O2,OO*,direct_co_o_bridge__O2__O2_side_on_tilt30_az90,-539.221497,0.000000,0.000000,0.009823
path_9,direct_co_o_bridge,1,OOH,OOH*,direct_co_o_bridge__OOH__OOH_default_tilt30_az300,-544.304932,-5.083435,-5.083435,0.009520
path_9,direct_co_o_bridge,2,H2O2,H2O2*,direct_co_o_bridge__H2O2__H2O2_default_tilt30_az150,-548.659058,-9.437561,-4.354126,0.009591
path_9,direct_co_o_bridge,3,H2O,H2O*,direct_co_o_bridge__H2O__H2O_bridge_h2p10_co_bound_tilt30_az330,-544.847473,-5.625977,3.811584,0.008781
path_9,direct_co_o_bridge,4,OH,OH*,direct_co_o_bridge__OH__OH_co_bound_tilt30_az30,-539.280762,-0.059265,5.566711,0.005222
path_9,direct_co_o_bridge,5,O,O*,direct_co_o_bridge__O__O_atom_tilt0_az0,-535.068542,4.152954,4.212219,0.009665
path_10,direct_co_top,0,O2,OO*,direct_co_top__O2__O2_end_on_tilt30_az0,-539.208862,0.000000,0.000000,0.008955
path_10,direct_co_top,1,O,O*,direct_co_top__O__O_atom_tilt0_az0,-534.030701,5.178162,5.178162,0.009786
path_10,direct_co_top,2,OH,OH*,direct_co_top__OH__OH_co_bound_tilt30_az0,-539.273682,-0.064819,-5.242981,0.007941
path_10,direct_co_top,3,OOH,OOH*,direct_co_top__OOH__OOH_default_tilt30_az30,-544.421326,-5.212463,-5.147644,0.009943
path_10,direct_co_top,4,H2O2,H2O2*,direct_co_top__H2O2__H2O2_default_tilt0_az0,-548.620911,-9.412048,-4.199585,0.009562
path_10,direct_co_top,5,H2O,H2O*,direct_co_top__H2O__H2O_co_bound_tilt0_az0,-544.680481,-5.471619,3.940430,0.006539
path_11,direct_co_top,0,O2,OO*,direct_co_top__O2__O2_end_on_tilt30_az0,-539.208862,0.000000,0.000000,0.008955
path_11,direct_co_top,1,OOH,OOH*,direct_co_top__OOH__OOH_default_tilt30_az30,-544.421326,-5.212463,-5.212463,0.009943
path_11,direct_co_top,2,OH,OH*,direct_co_top__OH__OH_co_bound_tilt30_az0,-539.273682,-0.064819,5.147644,0.007941
path_11,direct_co_top,3,O,O*,direct_co_top__O__O_atom_tilt0_az0,-534.030701,5.178162,5.242981,0.009786
path_12,direct_co_top,0,O2,OO*,direct_co_top__O2__O2_end_on_tilt30_az0,-539.208862,0.000000,0.000000,0.008955
path_12,direct_co_top,1,OOH,OOH*,direct_co_top__OOH__OOH_default_tilt30_az30,-544.421326,-5.212463,-5.212463,0.009943
path_12,direct_co_top,2,OH,OH*,direct_co_top__OH__OH_co_bound_tilt30_az0,-539.273682,-0.064819,5.147644,0.007941
path_12,direct_co_top,3,H2O,H2O*,direct_co_top__H2O__H2O_co_bound_tilt0_az0,-544.680481,-5.471619,-5.406799,0.006539
path_12,direct_co_top,4,H2O2,H2O2*,direct_co_top__H2O2__H2O2_default_tilt0_az0,-548.620911,-9.412048,-3.940430,0.009562
path_13,direct_co_top,0,O2,OO*,direct_co_top__O2__O2_end_on_tilt30_az0,-539.208862,0.000000,0.000000,0.008955
path_13,direct_co_top,1,O,O*,direct_co_top__O__O_atom_tilt0_az0,-534.030701,5.178162,5.178162,0.009786
path_13,direct_co_top,2,OH,OH*,direct_co_top__OH__OH_co_bound_tilt30_az0,-539.273682,-0.064819,-5.242981,0.007941
path_13,direct_co_top,3,H2O,H2O*,direct_co_top__H2O__H2O_co_bound_tilt0_az0,-544.680481,-5.471619,-5.406799,0.006539
path_13,direct_co_top,4,H2O2,H2O2*,direct_co_top__H2O2__H2O2_default_tilt0_az0,-548.620911,-9.412048,-3.940430,0.009562
path_13,direct_co_top,5,OOH,OOH*,direct_co_top__OOH__OOH_default_tilt30_az30,-544.421326,-5.212463,4.199585,0.009943
path_14,direct_co_top,0,O2,OO*,direct_co_top__O2__O2_end_on_tilt30_az0,-539.208862,0.000000,0.000000,0.008955
path_14,direct_co_top,1,OOH,OOH*,direct_co_top__OOH__OOH_default_tilt30_az30,-544.421326,-5.212463,-5.212463,0.009943
path_14,direct_co_top,2,H2O2,H2O2*,direct_co_top__H2O2__H2O2_default_tilt0_az0,-548.620911,-9.412048,-4.199585,0.009562
path_14,direct_co_top,3,H2O,H2O*,direct_co_top__H2O__H2O_co_bound_tilt0_az0,-544.680481,-5.471619,3.940430,0.006539
path_14,direct_co_top,4,OH,OH*,direct_co_top__OH__OH_co_bound_tilt30_az0,-539.273682,-0.064819,5.406799,0.007941
path_14,direct_co_top,5,O,O*,direct_co_top__O__O_atom_tilt0_az0,-534.030701,5.178162,5.242981,0.009786
path_15,direct_hollow,0,O2,OO*,direct_hollow__O2__O2_side_on_tilt30_az30,-539.864075,0.000000,0.000000,0.009936
path_15,direct_hollow,1,O,O*,direct_hollow__O__O_atom_tilt0_az0,-534.288818,5.575256,5.575256,0.009368
path_15,direct_hollow,2,OH,OH*,direct_hollow__OH__OH_co_bound_tilt30_az30,-538.132629,1.731445,-3.843811,0.009497
path_15,direct_hollow,3,H2O,H2O*,direct_hollow__H2O__H2O_co_bound_tilt30_az0,-544.736694,-4.872620,-6.604065,0.009220
path_16,direct_hollow,0,O2,OO*,direct_hollow__O2__O2_side_on_tilt30_az30,-539.864075,0.000000,0.000000,0.009936
path_16,direct_hollow,1,OOH,OOH*,direct_hollow__OOH__OOH_default_tilt30_az0,-544.944580,-5.080505,-5.080505,0.009754
path_16,direct_hollow,2,OH,OH*,direct_hollow__OH__OH_co_bound_tilt30_az30,-538.132629,1.731445,6.811951,0.009497
path_16,direct_hollow,3,H2O,H2O*,direct_hollow__H2O__H2O_co_bound_tilt30_az0,-544.736694,-4.872620,-6.604065,0.009220
path_17,direct_hollow,0,O2,OO*,direct_hollow__O2__O2_side_on_tilt30_az30,-539.864075,0.000000,0.000000,0.009936
path_17,direct_hollow,1,O,O*,direct_hollow__O__O_atom_tilt0_az0,-534.288818,5.575256,5.575256,0.009368
path_17,direct_hollow,2,OH,OH*,direct_hollow__OH__OH_co_bound_tilt30_az30,-538.132629,1.731445,-3.843811,0.009497
path_17,direct_hollow,3,OOH,OOH*,direct_hollow__OOH__OOH_default_tilt30_az0,-544.944580,-5.080505,-6.811951,0.009754
path_18,direct_hollow,0,O2,OO*,direct_hollow__O2__O2_side_on_tilt30_az30,-539.864075,0.000000,0.000000,0.009936
path_18,direct_hollow,1,OOH,OOH*,direct_hollow__OOH__OOH_default_tilt30_az0,-544.944580,-5.080505,-5.080505,0.009754
path_18,direct_hollow,2,OH,OH*,direct_hollow__OH__OH_co_bound_tilt30_az30,-538.132629,1.731445,6.811951,0.009497
path_18,direct_hollow,3,O,O*,direct_hollow__O__O_atom_tilt0_az0,-534.288818,5.575256,3.843811,0.009368
path_19,vacancy_center,0,O2,OO*,vacancy_center__O2__O2_end_on_tilt30_az0,-534.676270,0.000000,0.000000,0.024393
path_19,vacancy_center,1,O,O*,vacancy_center__O__O_atom_tilt30_az30,-530.141418,4.534851,4.534851,0.004020
path_19,vacancy_center,2,OH,OH*,vacancy_center__OH__OH_center_h1p40_co_bound_tilt30_az0,-535.135986,-0.459717,-4.994568,0.007222
path_19,vacancy_center,3,OOH,OOH*,vacancy_center__OOH__OOH_default_tilt30_az150,-539.990723,-5.314453,-4.854736,0.009753
path_19,vacancy_center,4,H2O2,H2O2*,vacancy_center__H2O2__H2O2_center_h1p80_default_tilt30_az150,-544.707703,-10.031433,-4.716980,0.009864
path_19,vacancy_center,5,H2O,H2O*,vacancy_center__H2O__H2O_center_h2p00_co_bound_tilt30_az0,-539.627747,-4.951477,5.079956,0.009102
path_20,vacancy_center,0,O2,OO*,vacancy_center__O2__O2_end_on_tilt30_az0,-534.676270,0.000000,0.000000,0.024393
path_20,vacancy_center,1,O,O*,vacancy_center__O__O_atom_tilt30_az30,-530.141418,4.534851,4.534851,0.004020
path_20,vacancy_center,2,OH,OH*,vacancy_center__OH__OH_center_h1p40_co_bound_tilt30_az0,-535.135986,-0.459717,-4.994568,0.007222
path_20,vacancy_center,3,OOH,OOH*,vacancy_center__OOH__OOH_default_tilt30_az150,-539.990723,-5.314453,-4.854736,0.009753
path_20,vacancy_center,4,H2O2,H2O2*,vacancy_center__H2O2__H2O2_center_h1p80_default_tilt30_az150,-544.707703,-10.031433,-4.716980,0.009864
path_20,vacancy_center,5,H2O,H2O*,vacancy_center__H2O__H2O_offset_y+_h1p90_co_bound_tilt30_az180,-539.617737,-4.941467,5.089966,0.009575
path_21,vacancy_center,0,O2,OO*,vacancy_center__O2__O2_end_on_tilt30_az0,-534.676270,0.000000,0.000000,0.024393
path_21,vacancy_center,1,O,O*,vacancy_center__O__O_atom_tilt30_az30,-530.141418,4.534851,4.534851,0.004020
path_21,vacancy_center,2,OH,OH*,vacancy_center__OH__OH_offset_y+_h1p60_co_bound_tilt30_az180,-535.134705,-0.458435,-4.993286,0.009171
path_21,vacancy_center,3,OOH,OOH*,vacancy_center__OOH__OOH_default_tilt30_az150,-539.990723,-5.314453,-4.856018,0.009753
path_21,vacancy_center,4,H2O2,H2O2*,vacancy_center__H2O2__H2O2_center_h1p80_default_tilt30_az150,-544.707703,-10.031433,-4.716980,0.009864
path_21,vacancy_center,5,H2O,H2O*,vacancy_center__H2O__H2O_center_h2p00_co_bound_tilt30_az0,-539.627747,-4.951477,5.079956,0.009102
path_22,vacancy_center,0,O2,OO*,vacancy_center__O2__O2_end_on_tilt30_az0,-534.676270,0.000000,0.000000,0.024393
path_22,vacancy_center,1,O,O*,vacancy_center__O__O_atom_tilt30_az30,-530.141418,4.534851,4.534851,0.004020
path_22,vacancy_center,2,OH,OH*,vacancy_center__OH__OH_offset_y+_h1p60_co_bound_tilt30_az180,-535.134705,-0.458435,-4.993286,0.009171
path_22,vacancy_center,3,OOH,OOH*,vacancy_center__OOH__OOH_default_tilt30_az150,-539.990723,-5.314453,-4.856018,0.009753
path_22,vacancy_center,4,H2O2,H2O2*,vacancy_center__H2O2__H2O2_center_h1p80_default_tilt30_az150,-544.707703,-10.031433,-4.716980,0.009864
path_22,vacancy_center,5,H2O,H2O*,vacancy_center__H2O__H2O_offset_y+_h1p90_co_bound_tilt30_az180,-539.617737,-4.941467,5.089966,0.009575
path_23,vacancy_center,0,O2,OO*,vacancy_center__O2__O2_end_on_tilt30_az0,-534.676270,0.000000,0.000000,0.024393
path_23,vacancy_center,1,OOH,OOH*,vacancy_center__OOH__OOH_default_tilt30_az150,-539.990723,-5.314453,-5.314453,0.009753
path_23,vacancy_center,2,OH,OH*,vacancy_center__OH__OH_center_h1p40_co_bound_tilt30_az0,-535.135986,-0.459717,4.854736,0.007222
path_23,vacancy_center,3,O,O*,vacancy_center__O__O_atom_tilt30_az30,-530.141418,4.534851,4.994568,0.004020
path_24,vacancy_center,0,O2,OO*,vacancy_center__O2__O2_end_on_tilt30_az0,-534.676270,0.000000,0.000000,0.024393
path_24,vacancy_center,1,OOH,OOH*,vacancy_center__OOH__OOH_default_tilt30_az150,-539.990723,-5.314453,-5.314453,0.009753
path_24,vacancy_center,2,OH,OH*,vacancy_center__OH__OH_offset_y+_h1p60_co_bound_tilt30_az180,-535.134705,-0.458435,4.856018,0.009171
path_24,vacancy_center,3,O,O*,vacancy_center__O__O_atom_tilt30_az30,-530.141418,4.534851,4.993286,0.004020
path_25,vacancy_center,0,O2,OO*,vacancy_center__O2__O2_end_on_tilt30_az0,-534.676270,0.000000,0.000000,0.024393
path_25,vacancy_center,1,OOH,OOH*,vacancy_center__OOH__OOH_default_tilt30_az150,-539.990723,-5.314453,-5.314453,0.009753
path_25,vacancy_center,2,OH,OH*,vacancy_center__OH__OH_center_h1p40_co_bound_tilt30_az0,-535.135986,-0.459717,4.854736,0.007222
path_25,vacancy_center,3,H2O,H2O*,vacancy_center__H2O__H2O_center_h2p00_co_bound_tilt30_az0,-539.627747,-4.951477,-4.491760,0.009102
path_25,vacancy_center,4,H2O2,H2O2*,vacancy_center__H2O2__H2O2_center_h1p80_default_tilt30_az150,-544.707703,-10.031433,-5.079956,0.009864
path_26,vacancy_center,0,O2,OO*,vacancy_center__O2__O2_end_on_tilt30_az0,-534.676270,0.000000,0.000000,0.024393
path_26,vacancy_center,1,OOH,OOH*,vacancy_center__OOH__OOH_default_tilt30_az150,-539.990723,-5.314453,-5.314453,0.009753
path_26,vacancy_center,2,OH,OH*,vacancy_center__OH__OH_center_h1p40_co_bound_tilt30_az0,-535.135986,-0.459717,4.854736,0.007222
path_26,vacancy_center,3,H2O,H2O*,vacancy_center__H2O__H2O_offset_y+_h1p90_co_bound_tilt30_az180,-539.617737,-4.941467,-4.481750,0.009575
path_26,vacancy_center,4,H2O2,H2O2*,vacancy_center__H2O2__H2O2_center_h1p80_default_tilt30_az150,-544.707703,-10.031433,-5.089966,0.009864
path_27,vacancy_center,0,O2,OO*,vacancy_center__O2__O2_end_on_tilt30_az0,-534.676270,0.000000,0.000000,0.024393
path_27,vacancy_center,1,OOH,OOH*,vacancy_center__OOH__OOH_default_tilt30_az150,-539.990723,-5.314453,-5.314453,0.009753
path_27,vacancy_center,2,OH,OH*,vacancy_center__OH__OH_offset_y+_h1p60_co_bound_tilt30_az180,-535.134705,-0.458435,4.856018,0.009171
path_27,vacancy_center,3,H2O,H2O*,vacancy_center__H2O__H2O_center_h2p00_co_bound_tilt30_az0,-539.627747,-4.951477,-4.493042,0.009102
path_27,vacancy_center,4,H2O2,H2O2*,vacancy_center__H2O2__H2O2_center_h1p80_default_tilt30_az150,-544.707703,-10.031433,-5.079956,0.009864
path_28,vacancy_center,0,O2,OO*,vacancy_center__O2__O2_end_on_tilt30_az0,-534.676270,0.000000,0.000000,0.024393
path_28,vacancy_center,1,OOH,OOH*,vacancy_center__OOH__OOH_default_tilt30_az150,-539.990723,-5.314453,-5.314453,0.009753
path_28,vacancy_center,2,OH,OH*,vacancy_center__OH__OH_offset_y+_h1p60_co_bound_tilt30_az180,-535.134705,-0.458435,4.856018,0.009171
path_28,vacancy_center,3,H2O,H2O*,vacancy_center__H2O__H2O_offset_y+_h1p90_co_bound_tilt30_az180,-539.617737,-4.941467,-4.483032,0.009575
path_28,vacancy_center,4,H2O2,H2O2*,vacancy_center__H2O2__H2O2_center_h1p80_default_tilt30_az150,-544.707703,-10.031433,-5.089966,0.009864
path_29,vacancy_center,0,O2,OO*,vacancy_center__O2__O2_end_on_tilt30_az0,-534.676270,0.000000,0.000000,0.024393
path_29,vacancy_center,1,O,O*,vacancy_center__O__O_atom_tilt30_az30,-530.141418,4.534851,4.534851,0.004020
path_29,vacancy_center,2,OH,OH*,vacancy_center__OH__OH_center_h1p40_co_bound_tilt30_az0,-535.135986,-0.459717,-4.994568,0.007222
path_29,vacancy_center,3,H2O,H2O*,vacancy_center__H2O__H2O_center_h2p00_co_bound_tilt30_az0,-539.627747,-4.951477,-4.491760,0.009102
path_29,vacancy_center,4,H2O2,H2O2*,vacancy_center__H2O2__H2O2_center_h1p80_default_tilt30_az150,-544.707703,-10.031433,-5.079956,0.009864
path_29,vacancy_center,5,OOH,OOH*,vacancy_center__OOH__OOH_default_tilt30_az150,-539.990723,-5.314453,4.716980,0.009753
path_30,vacancy_center,0,O2,OO*,vacancy_center__O2__O2_end_on_tilt30_az0,-534.676270,0.000000,0.000000,0.024393
path_30,vacancy_center,1,O,O*,vacancy_center__O__O_atom_tilt30_az30,-530.141418,4.534851,4.534851,0.004020
path_30,vacancy_center,2,OH,OH*,vacancy_center__OH__OH_center_h1p40_co_bound_tilt30_az0,-535.135986,-0.459717,-4.994568,0.007222
path_30,vacancy_center,3,H2O,H2O*,vacancy_center__H2O__H2O_offset_y+_h1p90_co_bound_tilt30_az180,-539.617737,-4.941467,-4.481750,0.009575
path_30,vacancy_center,4,H2O2,H2O2*,vacancy_center__H2O2__H2O2_center_h1p80_default_tilt30_az150,-544.707703,-10.031433,-5.089966,0.009864
path_30,vacancy_center,5,OOH,OOH*,vacancy_center__OOH__OOH_default_tilt30_az150,-539.990723,-5.314453,4.716980,0.009753
path_31,vacancy_center,0,O2,OO*,vacancy_center__O2__O2_end_on_tilt30_az0,-534.676270,0.000000,0.000000,0.024393
path_31,vacancy_center,1,O,O*,vacancy_center__O__O_atom_tilt30_az30,-530.141418,4.534851,4.534851,0.004020
path_31,vacancy_center,2,OH,OH*,vacancy_center__OH__OH_offset_y+_h1p60_co_bound_tilt30_az180,-535.134705,-0.458435,-4.993286,0.009171
path_31,vacancy_center,3,H2O,H2O*,vacancy_center__H2O__H2O_center_h2p00_co_bound_tilt30_az0,-539.627747,-4.951477,-4.493042,0.009102
path_31,vacancy_center,4,H2O2,H2O2*,vacancy_center__H2O2__H2O2_center_h1p80_default_tilt30_az150,-544.707703,-10.031433,-5.079956,0.009864
path_31,vacancy_center,5,OOH,OOH*,vacancy_center__OOH__OOH_default_tilt30_az150,-539.990723,-5.314453,4.716980,0.009753
path_32,vacancy_center,0,O2,OO*,vacancy_center__O2__O2_end_on_tilt30_az0,-534.676270,0.000000,0.000000,0.024393
path_32,vacancy_center,1,O,O*,vacancy_center__O__O_atom_tilt30_az30,-530.141418,4.534851,4.534851,0.004020
path_32,vacancy_center,2,OH,OH*,vacancy_center__OH__OH_offset_y+_h1p60_co_bound_tilt30_az180,-535.134705,-0.458435,-4.993286,0.009171
path_32,vacancy_center,3,H2O,H2O*,vacancy_center__H2O__H2O_offset_y+_h1p90_co_bound_tilt30_az180,-539.617737,-4.941467,-4.483032,0.009575
path_32,vacancy_center,4,H2O2,H2O2*,vacancy_center__H2O2__H2O2_center_h1p80_default_tilt30_az150,-544.707703,-10.031433,-5.089966,0.009864
path_32,vacancy_center,5,OOH,OOH*,vacancy_center__OOH__OOH_default_tilt30_az150,-539.990723,-5.314453,4.716980,0.009753
path_33,vacancy_center,0,O2,OO*,vacancy_center__O2__O2_end_on_tilt30_az0,-534.676270,0.000000,0.000000,0.024393
path_33,vacancy_center,1,OOH,OOH*,vacancy_center__OOH__OOH_default_tilt30_az150,-539.990723,-5.314453,-5.314453,0.009753
path_33,vacancy_center,2,H2O2,H2O2*,vacancy_center__H2O2__H2O2_center_h1p80_default_tilt30_az150,-544.707703,-10.031433,-4.716980,0.009864
path_33,vacancy_center,3,H2O,H2O*,vacancy_center__H2O__H2O_center_h2p00_co_bound_tilt30_az0,-539.627747,-4.951477,5.079956,0.009102
path_33,vacancy_center,4,OH,OH*,vacancy_center__OH__OH_center_h1p40_co_bound_tilt30_az0,-535.135986,-0.459717,4.491760,0.007222
path_33,vacancy_center,5,O,O*,vacancy_center__O__O_atom_tilt30_az30,-530.141418,4.534851,4.994568,0.004020
path_34,vacancy_center,0,O2,OO*,vacancy_center__O2__O2_end_on_tilt30_az0,-534.676270,0.000000,0.000000,0.024393
path_34,vacancy_center,1,OOH,OOH*,vacancy_center__OOH__OOH_default_tilt30_az150,-539.990723,-5.314453,-5.314453,0.009753
path_34,vacancy_center,2,H2O2,H2O2*,vacancy_center__H2O2__H2O2_center_h1p80_default_tilt30_az150,-544.707703,-10.031433,-4.716980,0.009864
path_34,vacancy_center,3,H2O,H2O*,vacancy_center__H2O__H2O_center_h2p00_co_bound_tilt30_az0,-539.627747,-4.951477,5.079956,0.009102
path_34,vacancy_center,4,OH,OH*,vacancy_center__OH__OH_offset_y+_h1p60_co_bound_tilt30_az180,-535.134705,-0.458435,4.493042,0.009171
path_34,vacancy_center,5,O,O*,vacancy_center__O__O_atom_tilt30_az30,-530.141418,4.534851,4.993286,0.004020
path_35,vacancy_center,0,O2,OO*,vacancy_center__O2__O2_end_on_tilt30_az0,-534.676270,0.000000,0.000000,0.024393
path_35,vacancy_center,1,OOH,OOH*,vacancy_center__OOH__OOH_default_tilt30_az150,-539.990723,-5.314453,-5.314453,0.009753
path_35,vacancy_center,2,H2O2,H2O2*,vacancy_center__H2O2__H2O2_center_h1p80_default_tilt30_az150,-544.707703,-10.031433,-4.716980,0.009864
path_35,vacancy_center,3,H2O,H2O*,vacancy_center__H2O__H2O_offset_y+_h1p90_co_bound_tilt30_az180,-539.617737,-4.941467,5.089966,0.009575
path_35,vacancy_center,4,OH,OH*,vacancy_center__OH__OH_center_h1p40_co_bound_tilt30_az0,-535.135986,-0.459717,4.481750,0.007222
path_35,vacancy_center,5,O,O*,vacancy_center__O__O_atom_tilt30_az30,-530.141418,4.534851,4.994568,0.004020
path_36,vacancy_center,0,O2,OO*,vacancy_center__O2__O2_end_on_tilt30_az0,-534.676270,0.000000,0.000000,0.024393
path_36,vacancy_center,1,OOH,OOH*,vacancy_center__OOH__OOH_default_tilt30_az150,-539.990723,-5.314453,-5.314453,0.009753
path_36,vacancy_center,2,H2O2,H2O2*,vacancy_center__H2O2__H2O2_center_h1p80_default_tilt30_az150,-544.707703,-10.031433,-4.716980,0.009864
path_36,vacancy_center,3,H2O,H2O*,vacancy_center__H2O__H2O_offset_y+_h1p90_co_bound_tilt30_az180,-539.617737,-4.941467,5.089966,0.009575
path_36,vacancy_center,4,OH,OH*,vacancy_center__OH__OH_offset_y+_h1p60_co_bound_tilt30_az180,-535.134705,-0.458435,4.483032,0.009171
path_36,vacancy_center,5,O,O*,vacancy_center__O__O_atom_tilt30_az30,-530.141418,4.534851,4.993286,0.004020
path_37,vacancy_co_top_13,0,O2,OO*,vacancy_co_top_13__O2__O2_side_on_tilt30_az180,-535.101135,0.000000,0.000000,0.009907
path_37,vacancy_co_top_13,1,O,O*,vacancy_co_top_13__O__O_atom_tilt0_az0,-530.205688,4.895447,4.895447,0.008320
path_37,vacancy_co_top_13,2,OH,OH*,vacancy_co_top_13__OH__OH_cotop13_h1p70_co_bound_tilt30_az30,-535.219543,-0.118408,-5.013855,0.009856
path_37,vacancy_co_top_13,3,OOH,OOH*,vacancy_co_top_13__OOH__OOH_default_tilt30_az90,-539.573242,-4.472107,-4.353699,0.020305
path_37,vacancy_co_top_13,4,H2O2,H2O2*,vacancy_co_top_13__H2O2__H2O2_cotop13_h1p90_default_tilt30_az120,-544.841614,-9.740479,-5.268372,0.009772
path_37,vacancy_co_top_13,5,H2O,H2O*,vacancy_co_top_13__H2O__H2O_co_bound_tilt0_az0,-539.680725,-4.579590,5.160889,0.014047
path_38,vacancy_co_top_13,0,O2,OO*,vacancy_co_top_13__O2__O2_side_on_tilt30_az180,-535.101135,0.000000,0.000000,0.009907
path_38,vacancy_co_top_13,1,O,O*,vacancy_co_top_13__O__O_atom_tilt0_az0,-530.205688,4.895447,4.895447,0.008320
path_38,vacancy_co_top_13,2,OH,OH*,vacancy_co_top_13__OH__OH_cotop13_h1p70_co_bound_tilt30_az30,-535.219543,-0.118408,-5.013855,0.009856
path_38,vacancy_co_top_13,3,OOH,OOH*,vacancy_co_top_13__OOH__OOH_default_tilt30_az90,-539.573242,-4.472107,-4.353699,0.020305
path_38,vacancy_co_top_13,4,H2O2,H2O2*,vacancy_co_top_13__H2O2__H2O2_cotop13_h1p90_default_tilt30_az240,-544.714966,-9.613831,-5.141724,0.009780
path_38,vacancy_co_top_13,5,H2O,H2O*,vacancy_co_top_13__H2O__H2O_co_bound_tilt0_az0,-539.680725,-4.579590,5.034241,0.014047
path_39,vacancy_co_top_13,0,O2,OO*,vacancy_co_top_13__O2__O2_side_on_tilt30_az180,-535.101135,0.000000,0.000000,0.009907
path_39,vacancy_co_top_13,1,O,O*,vacancy_co_top_13__O__O_atom_tilt0_az0,-530.205688,4.895447,4.895447,0.008320
path_39,vacancy_co_top_13,2,OH,OH*,vacancy_co_top_13__OH__OH_cotop13_h1p70_co_bound_tilt30_az90,-535.527405,-0.426270,-5.321716,0.005708
path_39,vacancy_co_top_13,3,OOH,OOH*,vacancy_co_top_13__OOH__OOH_default_tilt30_az90,-539.573242,-4.472107,-4.045837,0.020305
path_39,vacancy_co_top_13,4,H2O2,H2O2*,vacancy_co_top_13__H2O2__H2O2_cotop13_h1p90_default_tilt30_az120,-544.841614,-9.740479,-5.268372,0.009772
path_39,vacancy_co_top_13,5,H2O,H2O*,vacancy_co_top_13__H2O__H2O_co_bound_tilt0_az0,-539.680725,-4.579590,5.160889,0.014047
path_40,vacancy_co_top_13,0,O2,OO*,vacancy_co_top_13__O2__O2_side_on_tilt30_az180,-535.101135,0.000000,0.000000,0.009907
path_40,vacancy_co_top_13,1,O,O*,vacancy_co_top_13__O__O_atom_tilt0_az0,-530.205688,4.895447,4.895447,0.008320
path_40,vacancy_co_top_13,2,OH,OH*,vacancy_co_top_13__OH__OH_cotop13_h1p70_co_bound_tilt30_az90,-535.527405,-0.426270,-5.321716,0.005708
path_40,vacancy_co_top_13,3,OOH,OOH*,vacancy_co_top_13__OOH__OOH_default_tilt30_az90,-539.573242,-4.472107,-4.045837,0.020305
path_40,vacancy_co_top_13,4,H2O2,H2O2*,vacancy_co_top_13__H2O2__H2O2_cotop13_h1p90_default_tilt30_az240,-544.714966,-9.613831,-5.141724,0.009780
path_40,vacancy_co_top_13,5,H2O,H2O*,vacancy_co_top_13__H2O__H2O_co_bound_tilt0_az0,-539.680725,-4.579590,5.034241,0.014047
path_41,vacancy_co_top_13,0,O2,OO*,vacancy_co_top_13__O2__O2_side_on_tilt30_az180,-535.101135,0.000000,0.000000,0.009907
path_41,vacancy_co_top_13,1,OOH,OOH*,vacancy_co_top_13__OOH__OOH_default_tilt30_az90,-539.573242,-4.472107,-4.472107,0.020305
path_41,vacancy_co_top_13,2,OH,OH*,vacancy_co_top_13__OH__OH_cotop13_h1p70_co_bound_tilt30_az30,-535.219543,-0.118408,4.353699,0.009856
path_41,vacancy_co_top_13,3,O,O*,vacancy_co_top_13__O__O_atom_tilt0_az0,-530.205688,4.895447,5.013855,0.008320
path_42,vacancy_co_top_13,0,O2,OO*,vacancy_co_top_13__O2__O2_side_on_tilt30_az180,-535.101135,0.000000,0.000000,0.009907
path_42,vacancy_co_top_13,1,OOH,OOH*,vacancy_co_top_13__OOH__OOH_default_tilt30_az90,-539.573242,-4.472107,-4.472107,0.020305
path_42,vacancy_co_top_13,2,OH,OH*,vacancy_co_top_13__OH__OH_cotop13_h1p70_co_bound_tilt30_az90,-535.527405,-0.426270,4.045837,0.005708
path_42,vacancy_co_top_13,3,O,O*,vacancy_co_top_13__O__O_atom_tilt0_az0,-530.205688,4.895447,5.321716,0.008320
path_43,vacancy_co_top_13,0,O2,OO*,vacancy_co_top_13__O2__O2_side_on_tilt30_az180,-535.101135,0.000000,0.000000,0.009907
path_43,vacancy_co_top_13,1,OOH,OOH*,vacancy_co_top_13__OOH__OOH_default_tilt30_az90,-539.573242,-4.472107,-4.472107,0.020305
path_43,vacancy_co_top_13,2,OH,OH*,vacancy_co_top_13__OH__OH_cotop13_h1p70_co_bound_tilt30_az30,-535.219543,-0.118408,4.353699,0.009856
path_43,vacancy_co_top_13,3,H2O,H2O*,vacancy_co_top_13__H2O__H2O_co_bound_tilt0_az0,-539.680725,-4.579590,-4.461182,0.014047
path_43,vacancy_co_top_13,4,H2O2,H2O2*,vacancy_co_top_13__H2O2__H2O2_cotop13_h1p90_default_tilt30_az120,-544.841614,-9.740479,-5.160889,0.009772
path_44,vacancy_co_top_13,0,O2,OO*,vacancy_co_top_13__O2__O2_side_on_tilt30_az180,-535.101135,0.000000,0.000000,0.009907
path_44,vacancy_co_top_13,1,OOH,OOH*,vacancy_co_top_13__OOH__OOH_default_tilt30_az90,-539.573242,-4.472107,-4.472107,0.020305
path_44,vacancy_co_top_13,2,OH,OH*,vacancy_co_top_13__OH__OH_cotop13_h1p70_co_bound_tilt30_az30,-535.219543,-0.118408,4.353699,0.009856
path_44,vacancy_co_top_13,3,H2O,H2O*,vacancy_co_top_13__H2O__H2O_co_bound_tilt0_az0,-539.680725,-4.579590,-4.461182,0.014047
path_44,vacancy_co_top_13,4,H2O2,H2O2*,vacancy_co_top_13__H2O2__H2O2_cotop13_h1p90_default_tilt30_az240,-544.714966,-9.613831,-5.034241,0.009780
path_45,vacancy_co_top_13,0,O2,OO*,vacancy_co_top_13__O2__O2_side_on_tilt30_az180,-535.101135,0.000000,0.000000,0.009907
path_45,vacancy_co_top_13,1,OOH,OOH*,vacancy_co_top_13__OOH__OOH_default_tilt30_az90,-539.573242,-4.472107,-4.472107,0.020305
path_45,vacancy_co_top_13,2,OH,OH*,vacancy_co_top_13__OH__OH_cotop13_h1p70_co_bound_tilt30_az90,-535.527405,-0.426270,4.045837,0.005708
path_45,vacancy_co_top_13,3,H2O,H2O*,vacancy_co_top_13__H2O__H2O_co_bound_tilt0_az0,-539.680725,-4.579590,-4.153320,0.014047
path_45,vacancy_co_top_13,4,H2O2,H2O2*,vacancy_co_top_13__H2O2__H2O2_cotop13_h1p90_default_tilt30_az120,-544.841614,-9.740479,-5.160889,0.009772
path_46,vacancy_co_top_13,0,O2,OO*,vacancy_co_top_13__O2__O2_side_on_tilt30_az180,-535.101135,0.000000,0.000000,0.009907
path_46,vacancy_co_top_13,1,OOH,OOH*,vacancy_co_top_13__OOH__OOH_default_tilt30_az90,-539.573242,-4.472107,-4.472107,0.020305
path_46,vacancy_co_top_13,2,OH,OH*,vacancy_co_top_13__OH__OH_cotop13_h1p70_co_bound_tilt30_az90,-535.527405,-0.426270,4.045837,0.005708
path_46,vacancy_co_top_13,3,H2O,H2O*,vacancy_co_top_13__H2O__H2O_co_bound_tilt0_az0,-539.680725,-4.579590,-4.153320,0.014047
path_46,vacancy_co_top_13,4,H2O2,H2O2*,vacancy_co_top_13__H2O2__H2O2_cotop13_h1p90_default_tilt30_az240,-544.714966,-9.613831,-5.034241,0.009780
path_47,vacancy_co_top_13,0,O2,OO*,vacancy_co_top_13__O2__O2_side_on_tilt30_az180,-535.101135,0.000000,0.000000,0.009907
path_47,vacancy_co_top_13,1,O,O*,vacancy_co_top_13__O__O_atom_tilt0_az0,-530.205688,4.895447,4.895447,0.008320
path_47,vacancy_co_top_13,2,OH,OH*,vacancy_co_top_13__OH__OH_cotop13_h1p70_co_bound_tilt30_az30,-535.219543,-0.118408,-5.013855,0.009856
path_47,vacancy_co_top_13,3,H2O,H2O*,vacancy_co_top_13__H2O__H2O_co_bound_tilt0_az0,-539.680725,-4.579590,-4.461182,0.014047
path_47,vacancy_co_top_13,4,H2O2,H2O2*,vacancy_co_top_13__H2O2__H2O2_cotop13_h1p90_default_tilt30_az120,-544.841614,-9.740479,-5.160889,0.009772
path_47,vacancy_co_top_13,5,OOH,OOH*,vacancy_co_top_13__OOH__OOH_default_tilt30_az90,-539.573242,-4.472107,5.268372,0.020305
path_48,vacancy_co_top_13,0,O2,OO*,vacancy_co_top_13__O2__O2_side_on_tilt30_az180,-535.101135,0.000000,0.000000,0.009907
path_48,vacancy_co_top_13,1,O,O*,vacancy_co_top_13__O__O_atom_tilt0_az0,-530.205688,4.895447,4.895447,0.008320
path_48,vacancy_co_top_13,2,OH,OH*,vacancy_co_top_13__OH__OH_cotop13_h1p70_co_bound_tilt30_az30,-535.219543,-0.118408,-5.013855,0.009856
path_48,vacancy_co_top_13,3,H2O,H2O*,vacancy_co_top_13__H2O__H2O_co_bound_tilt0_az0,-539.680725,-4.579590,-4.461182,0.014047
path_48,vacancy_co_top_13,4,H2O2,H2O2*,vacancy_co_top_13__H2O2__H2O2_cotop13_h1p90_default_tilt30_az240,-544.714966,-9.613831,-5.034241,0.009780
path_48,vacancy_co_top_13,5,OOH,OOH*,vacancy_co_top_13__OOH__OOH_default_tilt30_az90,-539.573242,-4.472107,5.141724,0.020305
path_49,vacancy_co_top_13,0,O2,OO*,vacancy_co_top_13__O2__O2_side_on_tilt30_az180,-535.101135,0.000000,0.000000,0.009907
path_49,vacancy_co_top_13,1,O,O*,vacancy_co_top_13__O__O_atom_tilt0_az0,-530.205688,4.895447,4.895447,0.008320
path_49,vacancy_co_top_13,2,OH,OH*,vacancy_co_top_13__OH__OH_cotop13_h1p70_co_bound_tilt30_az90,-535.527405,-0.426270,-5.321716,0.005708
path_49,vacancy_co_top_13,3,H2O,H2O*,vacancy_co_top_13__H2O__H2O_co_bound_tilt0_az0,-539.680725,-4.579590,-4.153320,0.014047
path_49,vacancy_co_top_13,4,H2O2,H2O2*,vacancy_co_top_13__H2O2__H2O2_cotop13_h1p90_default_tilt30_az120,-544.841614,-9.740479,-5.160889,0.009772
path_49,vacancy_co_top_13,5,OOH,OOH*,vacancy_co_top_13__OOH__OOH_default_tilt30_az90,-539.573242,-4.472107,5.268372,0.020305
path_50,vacancy_co_top_13,0,O2,OO*,vacancy_co_top_13__O2__O2_side_on_tilt30_az180,-535.101135,0.000000,0.000000,0.009907
path_50,vacancy_co_top_13,1,O,O*,vacancy_co_top_13__O__O_atom_tilt0_az0,-530.205688,4.895447,4.895447,0.008320
path_50,vacancy_co_top_13,2,OH,OH*,vacancy_co_top_13__OH__OH_cotop13_h1p70_co_bound_tilt30_az90,-535.527405,-0.426270,-5.321716,0.005708
path_50,vacancy_co_top_13,3,H2O,H2O*,vacancy_co_top_13__H2O__H2O_co_bound_tilt0_az0,-539.680725,-4.579590,-4.153320,0.014047
path_50,vacancy_co_top_13,4,H2O2,H2O2*,vacancy_co_top_13__H2O2__H2O2_cotop13_h1p90_default_tilt30_az240,-544.714966,-9.613831,-5.034241,0.009780
path_50,vacancy_co_top_13,5,OOH,OOH*,vacancy_co_top_13__OOH__OOH_default_tilt30_az90,-539.573242,-4.472107,5.141724,0.020305
path_51,vacancy_co_top_13,0,O2,OO*,vacancy_co_top_13__O2__O2_side_on_tilt30_az180,-535.101135,0.000000,0.000000,0.009907
path_51,vacancy_co_top_13,1,OOH,OOH*,vacancy_co_top_13__OOH__OOH_default_tilt30_az90,-539.573242,-4.472107,-4.472107,0.020305
path_51,vacancy_co_top_13,2,H2O2,H2O2*,vacancy_co_top_13__H2O2__H2O2_cotop13_h1p90_default_tilt30_az120,-544.841614,-9.740479,-5.268372,0.009772
path_51,vacancy_co_top_13,3,H2O,H2O*,vacancy_co_top_13__H2O__H2O_co_bound_tilt0_az0,-539.680725,-4.579590,5.160889,0.014047
path_51,vacancy_co_top_13,4,OH,OH*,vacancy_co_top_13__OH__OH_cotop13_h1p70_co_bound_tilt30_az30,-535.219543,-0.118408,4.461182,0.009856
path_51,vacancy_co_top_13,5,O,O*,vacancy_co_top_13__O__O_atom_tilt0_az0,-530.205688,4.895447,5.013855,0.008320
path_52,vacancy_co_top_13,0,O2,OO*,vacancy_co_top_13__O2__O2_side_on_tilt30_az180,-535.101135,0.000000,0.000000,0.009907
path_52,vacancy_co_top_13,1,OOH,OOH*,vacancy_co_top_13__OOH__OOH_default_tilt30_az90,-539.573242,-4.472107,-4.472107,0.020305
path_52,vacancy_co_top_13,2,H2O2,H2O2*,vacancy_co_top_13__H2O2__H2O2_cotop13_h1p90_default_tilt30_az120,-544.841614,-9.740479,-5.268372,0.009772
path_52,vacancy_co_top_13,3,H2O,H2O*,vacancy_co_top_13__H2O__H2O_co_bound_tilt0_az0,-539.680725,-4.579590,5.160889,0.014047
path_52,vacancy_co_top_13,4,OH,OH*,vacancy_co_top_13__OH__OH_cotop13_h1p70_co_bound_tilt30_az90,-535.527405,-0.426270,4.153320,0.005708
path_52,vacancy_co_top_13,5,O,O*,vacancy_co_top_13__O__O_atom_tilt0_az0,-530.205688,4.895447,5.321716,0.008320
path_53,vacancy_co_top_13,0,O2,OO*,vacancy_co_top_13__O2__O2_side_on_tilt30_az180,-535.101135,0.000000,0.000000,0.009907
path_53,vacancy_co_top_13,1,OOH,OOH*,vacancy_co_top_13__OOH__OOH_default_tilt30_az90,-539.573242,-4.472107,-4.472107,0.020305
path_53,vacancy_co_top_13,2,H2O2,H2O2*,vacancy_co_top_13__H2O2__H2O2_cotop13_h1p90_default_tilt30_az240,-544.714966,-9.613831,-5.141724,0.009780
path_53,vacancy_co_top_13,3,H2O,H2O*,vacancy_co_top_13__H2O__H2O_co_bound_tilt0_az0,-539.680725,-4.579590,5.034241,0.014047
path_53,vacancy_co_top_13,4,OH,OH*,vacancy_co_top_13__OH__OH_cotop13_h1p70_co_bound_tilt30_az30,-535.219543,-0.118408,4.461182,0.009856
path_53,vacancy_co_top_13,5,O,O*,vacancy_co_top_13__O__O_atom_tilt0_az0,-530.205688,4.895447,5.013855,0.008320
path_54,vacancy_co_top_13,0,O2,OO*,vacancy_co_top_13__O2__O2_side_on_tilt30_az180,-535.101135,0.000000,0.000000,0.009907
path_54,vacancy_co_top_13,1,OOH,OOH*,vacancy_co_top_13__OOH__OOH_default_tilt30_az90,-539.573242,-4.472107,-4.472107,0.020305
path_54,vacancy_co_top_13,2,H2O2,H2O2*,vacancy_co_top_13__H2O2__H2O2_cotop13_h1p90_default_tilt30_az240,-544.714966,-9.613831,-5.141724,0.009780
path_54,vacancy_co_top_13,3,H2O,H2O*,vacancy_co_top_13__H2O__H2O_co_bound_tilt0_az0,-539.680725,-4.579590,5.034241,0.014047
path_54,vacancy_co_top_13,4,OH,OH*,vacancy_co_top_13__OH__OH_cotop13_h1p70_co_bound_tilt30_az90,-535.527405,-0.426270,4.153320,0.005708
path_54,vacancy_co_top_13,5,O,O*,vacancy_co_top_13__O__O_atom_tilt0_az0,-530.205688,4.895447,5.321716,0.008320
path_55,vacancy_co_top_3,0,O2,OO*,vacancy_co_top_3__O2__O2_side_on_tilt0_az0,-535.067566,0.000000,0.000000,0.009016
path_55,vacancy_co_top_3,1,O,O*,vacancy_co_top_3__O__O_atom_tilt0_az0,-530.205383,4.862183,4.862183,0.009774
path_55,vacancy_co_top_3,2,OH,OH*,vacancy_co_top_3__OH__OH_cotop3_h1p70_co_bound_tilt30_az270,-535.219543,-0.151978,-5.014160,0.009888
path_55,vacancy_co_top_3,3,OOH,OOH*,vacancy_co_top_3__OOH__OOH_default_tilt30_az270,-539.571594,-4.504028,-4.352051,0.019020
path_55,vacancy_co_top_3,4,H2O2,H2O2*,vacancy_co_top_3__H2O2__H2O2_cotop3_h1p90_default_tilt0_az0,-544.675110,-9.607544,-5.103516,0.029192
path_55,vacancy_co_top_3,5,H2O,H2O*,vacancy_co_top_3__H2O__H2O_co_bound_tilt0_az0,-539.672363,-4.604797,5.002747,0.022601
path_56,vacancy_co_top_3,0,O2,OO*,vacancy_co_top_3__O2__O2_side_on_tilt0_az0,-535.067566,0.000000,0.000000,0.009016
path_56,vacancy_co_top_3,1,O,O*,vacancy_co_top_3__O__O_atom_tilt0_az0,-530.205383,4.862183,4.862183,0.009774
path_56,vacancy_co_top_3,2,OH,OH*,vacancy_co_top_3__OH__OH_cotop3_h1p70_co_bound_tilt30_az270,-535.219543,-0.151978,-5.014160,0.009888
path_56,vacancy_co_top_3,3,OOH,OOH*,vacancy_co_top_3__OOH__OOH_default_tilt30_az270,-539.571594,-4.504028,-4.352051,0.019020
path_56,vacancy_co_top_3,4,H2O2,H2O2*,vacancy_co_top_3__H2O2__H2O2_cotop3_h1p90_default_tilt30_az300,-544.841553,-9.773987,-5.269958,0.009978
path_56,vacancy_co_top_3,5,H2O,H2O*,vacancy_co_top_3__H2O__H2O_co_bound_tilt0_az0,-539.672363,-4.604797,5.169189,0.022601
path_57,vacancy_co_top_3,0,O2,OO*,vacancy_co_top_3__O2__O2_side_on_tilt0_az0,-535.067566,0.000000,0.000000,0.009016
path_57,vacancy_co_top_3,1,O,O*,vacancy_co_top_3__O__O_atom_tilt0_az0,-530.205383,4.862183,4.862183,0.009774
path_57,vacancy_co_top_3,2,OH,OH*,vacancy_co_top_3__OH__OH_cotop3_h1p70_co_bound_tilt30_az330,-535.219666,-0.152100,-5.014282,0.009792
path_57,vacancy_co_top_3,3,OOH,OOH*,vacancy_co_top_3__OOH__OOH_default_tilt30_az270,-539.571594,-4.504028,-4.351929,0.019020
path_57,vacancy_co_top_3,4,H2O2,H2O2*,vacancy_co_top_3__H2O2__H2O2_cotop3_h1p90_default_tilt0_az0,-544.675110,-9.607544,-5.103516,0.029192
path_57,vacancy_co_top_3,5,H2O,H2O*,vacancy_co_top_3__H2O__H2O_co_bound_tilt0_az0,-539.672363,-4.604797,5.002747,0.022601
path_58,vacancy_co_top_3,0,O2,OO*,vacancy_co_top_3__O2__O2_side_on_tilt0_az0,-535.067566,0.000000,0.000000,0.009016
path_58,vacancy_co_top_3,1,O,O*,vacancy_co_top_3__O__O_atom_tilt0_az0,-530.205383,4.862183,4.862183,0.009774
path_58,vacancy_co_top_3,2,OH,OH*,vacancy_co_top_3__OH__OH_cotop3_h1p70_co_bound_tilt30_az330,-535.219666,-0.152100,-5.014282,0.009792
path_58,vacancy_co_top_3,3,OOH,OOH*,vacancy_co_top_3__OOH__OOH_default_tilt30_az270,-539.571594,-4.504028,-4.351929,0.019020
path_58,vacancy_co_top_3,4,H2O2,H2O2*,vacancy_co_top_3__H2O2__H2O2_cotop3_h1p90_default_tilt30_az300,-544.841553,-9.773987,-5.269958,0.009978
path_58,vacancy_co_top_3,5,H2O,H2O*,vacancy_co_top_3__H2O__H2O_co_bound_tilt0_az0,-539.672363,-4.604797,5.169189,0.022601
path_59,vacancy_co_top_3,0,O2,OO*,vacancy_co_top_3__O2__O2_side_on_tilt0_az0,-535.067566,0.000000,0.000000,0.009016
path_59,vacancy_co_top_3,1,OOH,OOH*,vacancy_co_top_3__OOH__OOH_default_tilt30_az270,-539.571594,-4.504028,-4.504028,0.019020
path_59,vacancy_co_top_3,2,OH,OH*,vacancy_co_top_3__OH__OH_cotop3_h1p70_co_bound_tilt30_az270,-535.219543,-0.151978,4.352051,0.009888
path_59,vacancy_co_top_3,3,O,O*,vacancy_co_top_3__O__O_atom_tilt0_az0,-530.205383,4.862183,5.014160,0.009774
path_60,vacancy_co_top_3,0,O2,OO*,vacancy_co_top_3__O2__O2_side_on_tilt0_az0,-535.067566,0.000000,0.000000,0.009016
path_60,vacancy_co_top_3,1,OOH,OOH*,vacancy_co_top_3__OOH__OOH_default_tilt30_az270,-539.571594,-4.504028,-4.504028,0.019020
path_60,vacancy_co_top_3,2,OH,OH*,vacancy_co_top_3__OH__OH_cotop3_h1p70_co_bound_tilt30_az330,-535.219666,-0.152100,4.351929,0.009792
path_60,vacancy_co_top_3,3,O,O*,vacancy_co_top_3__O__O_atom_tilt0_az0,-530.205383,4.862183,5.014282,0.009774
path_61,vacancy_co_top_3,0,O2,OO*,vacancy_co_top_3__O2__O2_side_on_tilt0_az0,-535.067566,0.000000,0.000000,0.009016
path_61,vacancy_co_top_3,1,OOH,OOH*,vacancy_co_top_3__OOH__OOH_default_tilt30_az270,-539.571594,-4.504028,-4.504028,0.019020
path_61,vacancy_co_top_3,2,OH,OH*,vacancy_co_top_3__OH__OH_cotop3_h1p70_co_bound_tilt30_az270,-535.219543,-0.151978,4.352051,0.009888
path_61,vacancy_co_top_3,3,H2O,H2O*,vacancy_co_top_3__H2O__H2O_co_bound_tilt0_az0,-539.672363,-4.604797,-4.452820,0.022601
path_61,vacancy_co_top_3,4,H2O2,H2O2*,vacancy_co_top_3__H2O2__H2O2_cotop3_h1p90_default_tilt0_az0,-544.675110,-9.607544,-5.002747,0.029192
path_62,vacancy_co_top_3,0,O2,OO*,vacancy_co_top_3__O2__O2_side_on_tilt0_az0,-535.067566,0.000000,0.000000,0.009016
path_62,vacancy_co_top_3,1,OOH,OOH*,vacancy_co_top_3__OOH__OOH_default_tilt30_az270,-539.571594,-4.504028,-4.504028,0.019020
path_62,vacancy_co_top_3,2,OH,OH*,vacancy_co_top_3__OH__OH_cotop3_h1p70_co_bound_tilt30_az270,-535.219543,-0.151978,4.352051,0.009888
path_62,vacancy_co_top_3,3,H2O,H2O*,vacancy_co_top_3__H2O__H2O_co_bound_tilt0_az0,-539.672363,-4.604797,-4.452820,0.022601
path_62,vacancy_co_top_3,4,H2O2,H2O2*,vacancy_co_top_3__H2O2__H2O2_cotop3_h1p90_default_tilt30_az300,-544.841553,-9.773987,-5.169189,0.009978
path_63,vacancy_co_top_3,0,O2,OO*,vacancy_co_top_3__O2__O2_side_on_tilt0_az0,-535.067566,0.000000,0.000000,0.009016
path_63,vacancy_co_top_3,1,OOH,OOH*,vacancy_co_top_3__OOH__OOH_default_tilt30_az270,-539.571594,-4.504028,-4.504028,0.019020
path_63,vacancy_co_top_3,2,OH,OH*,vacancy_co_top_3__OH__OH_cotop3_h1p70_co_bound_tilt30_az330,-535.219666,-0.152100,4.351929,0.009792
path_63,vacancy_co_top_3,3,H2O,H2O*,vacancy_co_top_3__H2O__H2O_co_bound_tilt0_az0,-539.672363,-4.604797,-4.452698,0.022601
path_63,vacancy_co_top_3,4,H2O2,H2O2*,vacancy_co_top_3__H2O2__H2O2_cotop3_h1p90_default_tilt0_az0,-544.675110,-9.607544,-5.002747,0.029192
path_64,vacancy_co_top_3,0,O2,OO*,vacancy_co_top_3__O2__O2_side_on_tilt0_az0,-535.067566,0.000000,0.000000,0.009016
path_64,vacancy_co_top_3,1,OOH,OOH*,vacancy_co_top_3__OOH__OOH_default_tilt30_az270,-539.571594,-4.504028,-4.504028,0.019020
path_64,vacancy_co_top_3,2,OH,OH*,vacancy_co_top_3__OH__OH_cotop3_h1p70_co_bound_tilt30_az330,-535.219666,-0.152100,4.351929,0.009792
path_64,vacancy_co_top_3,3,H2O,H2O*,vacancy_co_top_3__H2O__H2O_co_bound_tilt0_az0,-539.672363,-4.604797,-4.452698,0.022601
path_64,vacancy_co_top_3,4,H2O2,H2O2*,vacancy_co_top_3__H2O2__H2O2_cotop3_h1p90_default_tilt30_az300,-544.841553,-9.773987,-5.169189,0.009978
path_65,vacancy_co_top_3,0,O2,OO*,vacancy_co_top_3__O2__O2_side_on_tilt0_az0,-535.067566,0.000000,0.000000,0.009016
path_65,vacancy_co_top_3,1,O,O*,vacancy_co_top_3__O__O_atom_tilt0_az0,-530.205383,4.862183,4.862183,0.009774
path_65,vacancy_co_top_3,2,OH,OH*,vacancy_co_top_3__OH__OH_cotop3_h1p70_co_bound_tilt30_az270,-535.219543,-0.151978,-5.014160,0.009888
path_65,vacancy_co_top_3,3,H2O,H2O*,vacancy_co_top_3__H2O__H2O_co_bound_tilt0_az0,-539.672363,-4.604797,-4.452820,0.022601
path_65,vacancy_co_top_3,4,H2O2,H2O2*,vacancy_co_top_3__H2O2__H2O2_cotop3_h1p90_default_tilt0_az0,-544.675110,-9.607544,-5.002747,0.029192
path_65,vacancy_co_top_3,5,OOH,OOH*,vacancy_co_top_3__OOH__OOH_default_tilt30_az270,-539.571594,-4.504028,5.103516,0.019020
path_66,vacancy_co_top_3,0,O2,OO*,vacancy_co_top_3__O2__O2_side_on_tilt0_az0,-535.067566,0.000000,0.000000,0.009016
path_66,vacancy_co_top_3,1,O,O*,vacancy_co_top_3__O__O_atom_tilt0_az0,-530.205383,4.862183,4.862183,0.009774
path_66,vacancy_co_top_3,2,OH,OH*,vacancy_co_top_3__OH__OH_cotop3_h1p70_co_bound_tilt30_az270,-535.219543,-0.151978,-5.014160,0.009888
path_66,vacancy_co_top_3,3,H2O,H2O*,vacancy_co_top_3__H2O__H2O_co_bound_tilt0_az0,-539.672363,-4.604797,-4.452820,0.022601
path_66,vacancy_co_top_3,4,H2O2,H2O2*,vacancy_co_top_3__H2O2__H2O2_cotop3_h1p90_default_tilt30_az300,-544.841553,-9.773987,-5.169189,0.009978
path_66,vacancy_co_top_3,5,OOH,OOH*,vacancy_co_top_3__OOH__OOH_default_tilt30_az270,-539.571594,-4.504028,5.269958,0.019020
path_67,vacancy_co_top_3,0,O2,OO*,vacancy_co_top_3__O2__O2_side_on_tilt0_az0,-535.067566,0.000000,0.000000,0.009016
path_67,vacancy_co_top_3,1,O,O*,vacancy_co_top_3__O__O_atom_tilt0_az0,-530.205383,4.862183,4.862183,0.009774
path_67,vacancy_co_top_3,2,OH,OH*,vacancy_co_top_3__OH__OH_cotop3_h1p70_co_bound_tilt30_az330,-535.219666,-0.152100,-5.014282,0.009792
path_67,vacancy_co_top_3,3,H2O,H2O*,vacancy_co_top_3__H2O__H2O_co_bound_tilt0_az0,-539.672363,-4.604797,-4.452698,0.022601
path_67,vacancy_co_top_3,4,H2O2,H2O2*,vacancy_co_top_3__H2O2__H2O2_cotop3_h1p90_default_tilt0_az0,-544.675110,-9.607544,-5.002747,0.029192
path_67,vacancy_co_top_3,5,OOH,OOH*,vacancy_co_top_3__OOH__OOH_default_tilt30_az270,-539.571594,-4.504028,5.103516,0.019020
path_68,vacancy_co_top_3,0,O2,OO*,vacancy_co_top_3__O2__O2_side_on_tilt0_az0,-535.067566,0.000000,0.000000,0.009016
path_68,vacancy_co_top_3,1,O,O*,vacancy_co_top_3__O__O_atom_tilt0_az0,-530.205383,4.862183,4.862183,0.009774
path_68,vacancy_co_top_3,2,OH,OH*,vacancy_co_top_3__OH__OH_cotop3_h1p70_co_bound_tilt30_az330,-535.219666,-0.152100,-5.014282,0.009792
path_68,vacancy_co_top_3,3,H2O,H2O*,vacancy_co_top_3__H2O__H2O_co_bound_tilt0_az0,-539.672363,-4.604797,-4.452698,0.022601
path_68,vacancy_co_top_3,4,H2O2,H2O2*,vacancy_co_top_3__H2O2__H2O2_cotop3_h1p90_default_tilt30_az300,-544.841553,-9.773987,-5.169189,0.009978
path_68,vacancy_co_top_3,5,OOH,OOH*,vacancy_co_top_3__OOH__OOH_default_tilt30_az270,-539.571594,-4.504028,5.269958,0.019020
path_69,vacancy_co_top_3,0,O2,OO*,vacancy_co_top_3__O2__O2_side_on_tilt0_az0,-535.067566,0.000000,0.000000,0.009016
path_69,vacancy_co_top_3,1,OOH,OOH*,vacancy_co_top_3__OOH__OOH_default_tilt30_az270,-539.571594,-4.504028,-4.504028,0.019020
path_69,vacancy_co_top_3,2,H2O2,H2O2*,vacancy_co_top_3__H2O2__H2O2_cotop3_h1p90_default_tilt0_az0,-544.675110,-9.607544,-5.103516,0.029192
path_69,vacancy_co_top_3,3,H2O,H2O*,vacancy_co_top_3__H2O__H2O_co_bound_tilt0_az0,-539.672363,-4.604797,5.002747,0.022601
path_69,vacancy_co_top_3,4,OH,OH*,vacancy_co_top_3__OH__OH_cotop3_h1p70_co_bound_tilt30_az270,-535.219543,-0.151978,4.452820,0.009888
path_69,vacancy_co_top_3,5,O,O*,vacancy_co_top_3__O__O_atom_tilt0_az0,-530.205383,4.862183,5.014160,0.009774
path_70,vacancy_co_top_3,0,O2,OO*,vacancy_co_top_3__O2__O2_side_on_tilt0_az0,-535.067566,0.000000,0.000000,0.009016
path_70,vacancy_co_top_3,1,OOH,OOH*,vacancy_co_top_3__OOH__OOH_default_tilt30_az270,-539.571594,-4.504028,-4.504028,0.019020
path_70,vacancy_co_top_3,2,H2O2,H2O2*,vacancy_co_top_3__H2O2__H2O2_cotop3_h1p90_default_tilt0_az0,-544.675110,-9.607544,-5.103516,0.029192
path_70,vacancy_co_top_3,3,H2O,H2O*,vacancy_co_top_3__H2O__H2O_co_bound_tilt0_az0,-539.672363,-4.604797,5.002747,0.022601
path_70,vacancy_co_top_3,4,OH,OH*,vacancy_co_top_3__OH__OH_cotop3_h1p70_co_bound_tilt30_az330,-535.219666,-0.152100,4.452698,0.009792
path_70,vacancy_co_top_3,5,O,O*,vacancy_co_top_3__O__O_atom_tilt0_az0,-530.205383,4.862183,5.014282,0.009774
path_71,vacancy_co_top_3,0,O2,OO*,vacancy_co_top_3__O2__O2_side_on_tilt0_az0,-535.067566,0.000000,0.000000,0.009016
path_71,vacancy_co_top_3,1,OOH,OOH*,vacancy_co_top_3__OOH__OOH_default_tilt30_az270,-539.571594,-4.504028,-4.504028,0.019020
path_71,vacancy_co_top_3,2,H2O2,H2O2*,vacancy_co_top_3__H2O2__H2O2_cotop3_h1p90_default_tilt30_az300,-544.841553,-9.773987,-5.269958,0.009978
path_71,vacancy_co_top_3,3,H2O,H2O*,vacancy_co_top_3__H2O__H2O_co_bound_tilt0_az0,-539.672363,-4.604797,5.169189,0.022601
path_71,vacancy_co_top_3,4,OH,OH*,vacancy_co_top_3__OH__OH_cotop3_h1p70_co_bound_tilt30_az270,-535.219543,-0.151978,4.452820,0.009888
path_71,vacancy_co_top_3,5,O,O*,vacancy_co_top_3__O__O_atom_tilt0_az0,-530.205383,4.862183,5.014160,0.009774
path_72,vacancy_co_top_3,0,O2,OO*,vacancy_co_top_3__O2__O2_side_on_tilt0_az0,-535.067566,0.000000,0.000000,0.009016
path_72,vacancy_co_top_3,1,OOH,OOH*,vacancy_co_top_3__OOH__OOH_default_tilt30_az270,-539.571594,-4.504028,-4.504028,0.019020
path_72,vacancy_co_top_3,2,H2O2,H2O2*,vacancy_co_top_3__H2O2__H2O2_cotop3_h1p90_default_tilt30_az300,-544.841553,-9.773987,-5.269958,0.009978
path_72,vacancy_co_top_3,3,H2O,H2O*,vacancy_co_top_3__H2O__H2O_co_bound_tilt0_az0,-539.672363,-4.604797,5.169189,0.022601
path_72,vacancy_co_top_3,4,OH,OH*,vacancy_co_top_3__OH__OH_cotop3_h1p70_co_bound_tilt30_az330,-535.219666,-0.152100,4.452698,0.009792
path_72,vacancy_co_top_3,5,O,O*,vacancy_co_top_3__O__O_atom_tilt0_az0,-530.205383,4.862183,5.014282,0.009774
path_73,vacancy_edge_bridge,0,O2,OO*,vacancy_edge_bridge__O2__O2_end_on_tilt30_az240,-534.991089,0.000000,0.000000,0.014184
path_73,vacancy_edge_bridge,1,O,O*,vacancy_edge_bridge__O__O_atom_tilt0_az0,-530.160889,4.830200,4.830200,0.008094
path_73,vacancy_edge_bridge,2,OH,OH*,vacancy_edge_bridge__OH__OH_co_bound_tilt30_az270,-535.297668,-0.306580,-5.136780,0.009943
path_73,vacancy_edge_bridge,3,H2O,H2O*,vacancy_edge_bridge__H2O__H2O_co_bound_tilt30_az150,-540.344055,-5.352966,-5.046387,0.009766
path_74,vacancy_edge_bridge,0,O2,OO*,vacancy_edge_bridge__O2__O2_end_on_tilt30_az240,-534.991089,0.000000,0.000000,0.014184
path_74,vacancy_edge_bridge,1,OOH,OOH*,vacancy_edge_bridge__OOH__OOH_default_tilt30_az300,-539.835815,-4.844727,-4.844727,0.015551
path_74,vacancy_edge_bridge,2,OH,OH*,vacancy_edge_bridge__OH__OH_co_bound_tilt30_az270,-535.297668,-0.306580,4.538147,0.009943
path_74,vacancy_edge_bridge,3,H2O,H2O*,vacancy_edge_bridge__H2O__H2O_co_bound_tilt30_az150,-540.344055,-5.352966,-5.046387,0.009766
path_75,vacancy_edge_bridge,0,O2,OO*,vacancy_edge_bridge__O2__O2_end_on_tilt30_az240,-534.991089,0.000000,0.000000,0.014184
path_75,vacancy_edge_bridge,1,O,O*,vacancy_edge_bridge__O__O_atom_tilt0_az0,-530.160889,4.830200,4.830200,0.008094
path_75,vacancy_edge_bridge,2,OH,OH*,vacancy_edge_bridge__OH__OH_co_bound_tilt30_az270,-535.297668,-0.306580,-5.136780,0.009943
path_75,vacancy_edge_bridge,3,OOH,OOH*,vacancy_edge_bridge__OOH__OOH_default_tilt30_az300,-539.835815,-4.844727,-4.538147,0.015551
path_76,vacancy_edge_bridge,0,O2,OO*,vacancy_edge_bridge__O2__O2_end_on_tilt30_az240,-534.991089,0.000000,0.000000,0.014184
path_76,vacancy_edge_bridge,1,OOH,OOH*,vacancy_edge_bridge__OOH__OOH_default_tilt30_az300,-539.835815,-4.844727,-4.844727,0.015551
path_76,vacancy_edge_bridge,2,OH,OH*,vacancy_edge_bridge__OH__OH_co_bound_tilt30_az270,-535.297668,-0.306580,4.538147,0.009943
path_76,vacancy_edge_bridge,3,O,O*,vacancy_edge_bridge__O__O_atom_tilt0_az0,-530.160889,4.830200,5.136780,0.008094
